,Single Bit flip,Relative error FUs ,Relative error Pipeline,Relative error,t-MxM
Gaussian,1,1,1,1,0
Lava,0.692307692307692,0.916821849782744,0.917610062893082,0.917215956337913,0
Quicksort,0.948979591836735,0.957547169811321,0.945128779395297,0.951337974603309,0
Hotspot,0.252562225475842,0.364383561643836,0.393632416787265,0.37900798921555,0
LUD,0.81970802919708,0.995692749461594,0.994181818181818,0.994937283821706,0
MxM,0.958988118052894,0.99271137026239,0.992581602373887,0.992646486318139,0
LeNET,0.031767041694242,0.028917283120377,0.069012178619757,0.048964730870067,0.67
YoloV3,0.173708920187793,0.22344747533372,0.320732427643237,0.272089951488479,0.27
