,FMA,MUL,ADD,INT,LDST,FPSPC,OTHERS
Lava,0.24983149181831,0.249838071654256,0.218609135176967,0.047040799794304,0.065587715475817,0.062457872954578,0.10663491312577
MxM,0.358693748905621,0,0,0.102171248467869,0.493258623708632,0,0.045876378917878
Quicksort,0,0,0,0.703156732533545,0.082400061831138,0,0.214443205635318
Hotspot,0.10661863033017,0,0.05658925156153,0.482704687417872,0.070922917556842,0.026668050047413,0.256496463086172
YoloV3,0.451606065693805,0.006346744521721,0.004683883826186,0.226655436614463,0.080443629497312,0.00827942433302,0.221984815513493
Gaussian,0.029588837644799,0,2.86713543069755E-05,0.58807837240429,0.117638566721521,2.86713543069755E-05,0.264636880520777
LUD,0.300614349041588,0,0.009387331678135,0.180403451174614,0.434136452995336,3.6738645395598E-05,0.075421676464931
Lenet,0.248159645263804,0.006907103764041,0.003850764352213,0.326312064657343,0.201343610524939,0.0012392457891,0.212187565648559
